,Title,Category
0,Help me find a movie,movies
1,Help - what‚Äôs the name of this movie?,movies
2,"#Allah_CanBe_Seen Last Prophet Sant Rampal Ji üóûÔ∏è‡§Ö‡§≤‡•ç‡§≤‡§æ‡§π‡•Å ‡§Ö‡§ï‡§¨‡§∞ ‡§¨‡•á‡§ö‡•Ç‡§® ‡§®‡§π‡•Ä‡§Ç, ‡§∏‡§æ‡§ï‡§æ‡§∞ ‡§π‡•à‡•§ 55 ‡§π‡§¶‡•Ä‡§∏‡•ã‡§Ç ‡§Æ‡•á‡§Ç ‡§Ø‡§π ‡§™‡•ç‡§∞‡§Æ‡§æ‡§£ ‡§Æ‡§ø‡§≤‡§§‡§æ ‡§π‡•à ‡§ï‡§ø ‡§¨‡§æ‡§¨‡§æ ‡§Ü‡§¶‡§Æ ‡§∏‡•á ‡§≤‡•á‡§ï‡§∞ ‡§π‡§ú‡§∞‡§§ ‡§Æ‡•Ç‡§∏‡§æ ‡§§‡§ï, ‡§á‡§¨‡•ç‡§∞‡§æ‡§π‡§ø‡§Æ ‡§∏‡•á ‡§≤‡•á‡§ï‡§∞ ‡§π‡•õ‡§∞‡§§ ‡§Æ‡•Å‡§π‡§Æ‡•ç‡§Æ‡§¶ ‡§§‡§ï ‡§µ‡§π ‡§ï‡§æ‡§¶‡§∞ ‡§Ö‡§≤‡•ç‡§≤‡§æ‡§π ‡§π‡•Ä ‡§Ö‡§≤-‡§ñ‡§ø‡§¶‡•ç‡§∞ (‡§ñ‡§ø‡§ú‡•ç‡§∞) ‡§ï‡•á ‡§∞‡•Ç‡§™ ‡§Æ‡•á‡§Ç ‡§Ü‡§ï‡§∞ ‡§Æ‡§ø‡§≤‡§æ‡•§ ‡§â‡§∏‡§ï‡•Ä ‡§â‡§Æ‡•ç‡§∞ ‡§π‡§Æ‡•á‡§∂‡§æ ‡§è‡§ï‡§∏‡§Æ‡§æ‡§® ‡§∞‡§π‡§§‡•Ä ‡§π‡•à‡•§ ‡§â‡§∏‡§ï‡•á ‡§π‡§æ‡§•‡•ã‡§Ç ‡§Æ‡•á‡§Ç ‡§π‡§°‡•ç‡§°‡§ø‡§Ø‡§æ‡§Ç ‡§®",movies
3,"Ronald Pickup, 'Best Exotic Marigold Hotel' and 'The Crown' Star, Dies at 80",movies
4,I just watched ‚ÄúThe Philadelphia Story‚Äù,movies
5,I watched ‚ÄúThe Philadelphia Story‚Äù,movies
6,Drew Brees goes viral for full head of hair in workout video - Larry Brown Sports,movies
7,"Indore: Video of zoo guards beating minor goes viral, 2 booked - Times of India",movies
8,"In the script for 'Malcom & Marie', director Sam Levinson has provided a note to use the liquor of John David Washington's choice in a particular scene.",movies
9,I watched the Mummy again recently,movies
